task_name,timestamp,project_name,run_id,duration,emissions,emissions_rate,cpu_power,gpu_power,ram_power,cpu_energy,gpu_energy,ram_energy,energy_consumed,water_consumed,country_name,country_iso_code,region,cloud_provider,cloud_region,os,python_version,codecarbon_version,cpu_count,cpu_model,longitude,latitude,ram_total_size,tracking_mode,cpu_utilization_percent,gpu_utilization_percent,ram_utilization_percent,ram_used_gb,on_cloud
Water_n_5000_run_1,2026-03-11T13:03:58,Neutron_Transport_Audit,run_1,5.937424199888483,4.279848088167557e-06,7.207471220218709e-07,0.9230436491586427,0.0,10.0,1.525980119610243e-06,0.0,1.6487682500155644e-05,1.8013662619765886e-05,0.0,United Kingdom,GBR,england,,,Windows-10-10.0.26200-SP0,3.11.1,3.2.3,16,AMD Ryzen 7 PRO 5875U with Radeon Graphics,-2.2305,53.4702,14.7952880859375,process,4.9,0,87.88,13.002967834472656,N
Water_n_5000_run_2,2026-03-11T13:04:04,Neutron_Transport_Audit,run_2,5.970493500120938,4.311557598247775e-06,7.22140351229206e-07,0.9311769073333227,0.0,10.0,1.561844944203069e-06,0.0,1.6585281388446074e-05,1.8147126332649136e-05,0.0,United Kingdom,GBR,england,,,Windows-10-10.0.26200-SP0,3.11.1,3.2.3,16,AMD Ryzen 7 PRO 5875U with Radeon Graphics,-2.2305,53.4702,14.7952880859375,process,8.78,0,87.96000000000001,13.019358062744141,N
Water_n_5000_run_3,2026-03-11T13:04:10,Neutron_Transport_Audit,run_3,5.830072400160134,4.2085917173922095e-06,7.218721848977008e-07,0.9332633092323657,0.0,10.0,1.5218715177131769e-06,0.0,1.6191876666723855e-05,1.771374818443703e-05,0.0,United Kingdom,GBR,england,,,Windows-10-10.0.26200-SP0,3.11.1,3.2.3,16,AMD Ryzen 7 PRO 5875U with Radeon Graphics,-2.2305,53.4702,14.7952880859375,process,1.3,0,88.0,13.016547393798827,N
Water_n_5000_run_4,2026-03-11T13:04:16,Neutron_Transport_Audit,run_4,5.938508300110698,4.283484721139103e-06,7.213015828112739e-07,0.9337418358459504,0.0,10.0,1.5458309673349353e-06,0.0,1.64831380553854e-05,1.802896902272034e-05,0.0,United Kingdom,GBR,england,,,Windows-10-10.0.26200-SP0,3.11.1,3.2.3,16,AMD Ryzen 7 PRO 5875U with Radeon Graphics,-2.2305,53.4702,14.7952880859375,process,8.84,0,87.97999999999999,13.013751220703124,N
Water_n_5000_run_5,2026-03-11T13:04:22,Neutron_Transport_Audit,run_5,6.240662699798122,4.508628373886434e-06,7.224549169636083e-07,0.93568027567924,0.0,10.0,1.6395585782704583e-06,0.0,1.733702861173596e-05,1.897658719000642e-05,0.0,United Kingdom,GBR,england,,,Windows-10-10.0.26200-SP0,3.11.1,3.2.3,16,AMD Ryzen 7 PRO 5875U with Radeon Graphics,-2.2305,53.4702,14.7952880859375,process,3.35,0,87.96666666666665,13.013837814331055,N
Water_n_10000_run_1,2026-03-11T13:04:31,Neutron_Transport_Audit,run_1,8.7571363998577,6.3140561485064825e-06,7.210182967790765e-07,0.9339873702944033,0.0,10.0,2.254884904929449e-06,0.0,2.4320655833515856e-05,2.6575540738445308e-05,0.0,United Kingdom,GBR,england,,,Windows-10-10.0.26200-SP0,3.11.1,3.2.3,16,AMD Ryzen 7 PRO 5875U with Radeon Graphics,-2.2305,53.4702,14.7952880859375,process,5.5375,0,88.5375,13.098539352416992,N
Water_n_10000_run_2,2026-03-11T13:04:39,Neutron_Transport_Audit,run_2,8.258531900122762,5.963937489393313e-06,7.221485886111445e-07,0.9350926024211438,0.0,10.0,2.164112190031023e-06,0.0,2.293779694462298e-05,2.510190913465401e-05,0.0,United Kingdom,GBR,england,,,Windows-10-10.0.26200-SP0,3.11.1,3.2.3,16,AMD Ryzen 7 PRO 5875U with Radeon Graphics,-2.2305,53.4702,14.7952880859375,process,9.15,0,88.33749999999999,13.070274829864502,N
Water_n_10000_run_3,2026-03-11T13:04:47,Neutron_Transport_Audit,run_3,8.251634399872273,5.957173761050718e-06,7.219305438691886e-07,0.935374865126735,0.0,10.0,2.152336224492291e-06,0.0,2.292110472206131e-05,2.507344094655357e-05,0.0,United Kingdom,GBR,england,,,Windows-10-10.0.26200-SP0,3.11.1,3.2.3,16,AMD Ryzen 7 PRO 5875U with Radeon Graphics,-2.2305,53.4702,14.7952880859375,process,7.3500000000000005,0,88.18750000000001,13.050665378570557,N
Water_n_10000_run_4,2026-03-11T13:04:56,Neutron_Transport_Audit,run_4,8.593386000022292,6.193899256001443e-06,7.207735513142107e-07,0.9355993489661328,0.0,10.0,2.239171219968547e-06,0.0,2.3830635277813096e-05,2.6069806497781655e-05,0.0,United Kingdom,GBR,england,,,Windows-10-10.0.26200-SP0,3.11.1,3.2.3,16,AMD Ryzen 7 PRO 5875U with Radeon Graphics,-2.2305,53.4702,14.7952880859375,process,3.9125,0,88.08750000000002,13.031810283660889,N
Water_n_10000_run_5,2026-03-11T13:05:08,Neutron_Transport_Audit,run_5,11.548268899787217,8.328236523826084e-06,7.211644420736363e-07,0.9350980904081766,0.0,10.0,2.989088628399834e-06,0.0,3.206403472253845e-05,3.50531233509383e-05,0.0,United Kingdom,GBR,england,,,Windows-10-10.0.26200-SP0,3.11.1,3.2.3,16,AMD Ryzen 7 PRO 5875U with Radeon Graphics,-2.2305,53.4702,14.7952880859375,process,7.827272727272727,0,87.50909090909092,12.94784892689098,N
Water_n_15000_run_1,2026-03-11T13:05:19,Neutron_Transport_Audit,run_1,10.801195100182667,7.79494143008424e-06,7.216703295134876e-07,0.9346304937179631,0.0,10.0,2.7953881302836496e-06,0.0,3.0013123333143678e-05,3.280851146342733e-05,0.0,United Kingdom,GBR,england,,,Windows-10-10.0.26200-SP0,3.11.1,3.2.3,16,AMD Ryzen 7 PRO 5875U with Radeon Graphics,-2.2305,53.4702,14.7952880859375,process,6.2,0,86.70000000000002,12.830031967163086,N
Water_n_15000_run_2,2026-03-11T13:05:29,Neutron_Transport_Audit,run_2,10.467559200013056,7.55410945215127e-06,7.216590937234939e-07,0.9344372256461031,0.0,10.0,2.715167490011515e-06,0.0,2.9079694444468886e-05,3.1794861934480415e-05,0.0,United Kingdom,GBR,england,,,Windows-10-10.0.26200-SP0,3.11.1,3.2.3,16,AMD Ryzen 7 PRO 5875U with Radeon Graphics,-2.2305,53.4702,14.7952880859375,process,6.87,0,86.61000000000001,12.813255310058594,N
Water_n_15000_run_3,2026-03-11T13:05:39,Neutron_Transport_Audit,run_3,10.31248650001362,7.442824369435156e-06,7.217285146931772e-07,0.9345843477620991,0.0,10.0,2.686091467286115e-06,0.0,2.8640377222068818e-05,3.1326468689354937e-05,0.0,United Kingdom,GBR,england,,,Windows-10-10.0.26200-SP0,3.11.1,3.2.3,16,AMD Ryzen 7 PRO 5875U with Radeon Graphics,-2.2305,53.4702,14.7952880859375,process,6.110000000000001,0,86.63000000000001,12.819233322143555,N
Water_n_15000_run_4,2026-03-11T13:05:50,Neutron_Transport_Audit,run_4,10.415763600030914,7.51720892597643e-06,7.217135376468526e-07,0.9346430224088519,0.0,10.0,2.709985610690682e-06,0.0,2.8929563888555607e-05,3.1639549499246316e-05,0.0,United Kingdom,GBR,england,,,Windows-10-10.0.26200-SP0,3.11.1,3.2.3,16,AMD Ryzen 7 PRO 5875U with Radeon Graphics,-2.2305,53.4702,14.7952880859375,process,7.45,0,86.60000000000001,12.815385818481445,N
Water_n_15000_run_5,2026-03-11T13:06:00,Neutron_Transport_Audit,run_5,10.38544200011529,7.4997467237457885e-06,7.221370961287446e-07,0.934766264285931,0.0,10.0,2.706913924005191e-06,0.0,2.885913805544582e-05,3.156605197945103e-05,0.0,United Kingdom,GBR,england,,,Windows-10-10.0.26200-SP0,3.11.1,3.2.3,16,AMD Ryzen 7 PRO 5875U with Radeon Graphics,-2.2305,53.4702,14.7952880859375,process,6.6,0,86.51,12.802528762817383,N
Water_n_20000_run_1,2026-03-11T13:06:13,Neutron_Transport_Audit,run_1,12.687203400069848,9.152862533089883e-06,7.214243968329652e-07,0.9346745437669229,0.0,10.0,3.292634723628022e-06,0.0,3.523129750004347e-05,3.8523932223671464e-05,0.0,United Kingdom,GBR,england,,,Windows-10-10.0.26200-SP0,3.11.1,3.2.3,16,AMD Ryzen 7 PRO 5875U with Radeon Graphics,-2.2305,53.4702,14.7952880859375,process,6.108333333333333,0,86.56666666666666,12.806633631388346,N
Water_n_20000_run_2,2026-03-11T13:06:25,Neutron_Transport_Audit,run_2,12.495033199898899,9.016277556664999e-06,7.215826519588013e-07,0.93459829055858,0.0,10.0,3.243413570220885e-06,0.0,3.470563944429157e-05,3.794905301451244e-05,0.0,United Kingdom,GBR,england,,,Windows-10-10.0.26200-SP0,3.11.1,3.2.3,16,AMD Ryzen 7 PRO 5875U with Radeon Graphics,-2.2305,53.4702,14.7952880859375,process,7.983333333333333,0,86.62500000000001,12.816678365071615,N
Water_n_20000_run_3,2026-03-11T13:06:38,Neutron_Transport_Audit,run_3,12.523685499792919,9.037288245137274e-06,7.216097093372781e-07,0.9345944182576876,0.0,10.0,3.254812876471368e-06,0.0,3.478267305569415e-05,3.8037485932165534e-05,0.0,United Kingdom,GBR,england,,,Windows-10-10.0.26200-SP0,3.11.1,3.2.3,16,AMD Ryzen 7 PRO 5875U with Radeon Graphics,-2.2305,53.4702,14.7952880859375,process,6.408333333333334,0,87.08333333333336,12.888396263122559,N
Water_n_20000_run_4,2026-03-11T13:06:51,Neutron_Transport_Audit,run_4,12.567187700187787,9.068412186222398e-06,7.215951514128669e-07,0.9345881549621766,0.0,10.0,3.2655975146160223e-06,0.0,3.4902887500356855e-05,3.8168485014972945e-05,0.0,United Kingdom,GBR,england,,,Windows-10-10.0.26200-SP0,3.11.1,3.2.3,16,AMD Ryzen 7 PRO 5875U with Radeon Graphics,-2.2305,53.4702,14.7952880859375,process,3.525,0,87.10000000000001,12.885923067728678,N
Water_n_20000_run_5,2026-03-11T13:07:03,Neutron_Transport_Audit,run_5,12.368655399885029,8.93591637737674e-06,7.224613973919335e-07,0.9346736199251154,0.0,10.0,3.22360857072198e-06,0.0,3.438720833316136e-05,3.761081690388339e-05,0.0,United Kingdom,GBR,england,,,Windows-10-10.0.26200-SP0,3.11.1,3.2.3,16,AMD Ryzen 7 PRO 5875U with Radeon Graphics,-2.2305,53.4702,14.7952880859375,process,3.5083333333333333,0,87.02499999999999,12.875833511352539,N
Water_n_25000_run_1,2026-03-11T13:07:17,Neutron_Transport_Audit,run_1,14.29752860008739,1.031947793692431e-05,7.217629488146946e-07,0.9348007601802647,0.0,10.0,3.726066484339814e-06,0.0,3.970809055544027e-05,4.3434157039780124e-05,0.0,United Kingdom,GBR,england,,,Windows-10-10.0.26200-SP0,3.11.1,3.2.3,16,AMD Ryzen 7 PRO 5875U with Radeon Graphics,-2.2305,53.4702,14.7952880859375,process,10.164285714285715,0,86.92142857142858,12.861398696899414,N
Water_n_25000_run_2,2026-03-11T13:07:32,Neutron_Transport_Audit,run_2,14.598793599987403,1.053909130582743e-05,7.219132527250997e-07,0.9348720269182689,0.0,10.0,3.8015490790681554e-06,0.0,4.05569494449689e-05,4.435849852403703e-05,0.0,United Kingdom,GBR,england,,,Windows-10-10.0.26200-SP0,3.11.1,3.2.3,16,AMD Ryzen 7 PRO 5875U with Radeon Graphics,-2.2305,53.4702,14.7952880859375,process,6.1,0,86.82142857142857,12.846206392560687,N
Water_n_25000_run_3,2026-03-11T13:07:46,Neutron_Transport_Audit,run_3,14.453640799969435,1.043420056806113e-05,7.219053018639667e-07,0.935008387631102,0.0,10.0,3.769905973591148e-06,0.0,4.014711277753431e-05,4.3917018751125415e-05,0.0,United Kingdom,GBR,england,,,Windows-10-10.0.26200-SP0,3.11.1,3.2.3,16,AMD Ryzen 7 PRO 5875U with Radeon Graphics,-2.2305,53.4702,14.7952880859375,process,4.321428571428571,0,86.54285714285713,12.80580575125558,N
Water_n_25000_run_4,2026-03-11T13:08:01,Neutron_Transport_Audit,run_4,14.628243900137022,1.0559294469593801e-05,7.218426657271475e-07,0.9351476619887014,0.0,10.0,3.816203444715859e-06,0.0,4.0627329166616384e-05,4.444353261133223e-05,0.0,United Kingdom,GBR,england,,,Windows-10-10.0.26200-SP0,3.11.1,3.2.3,16,AMD Ryzen 7 PRO 5875U with Radeon Graphics,-2.2305,53.4702,14.7952880859375,process,9.435714285714285,0,86.67142857142859,12.821493148803711,N
Water_n_25000_run_5,2026-03-11T13:08:16,Neutron_Transport_Audit,run_5,14.970612099859864,1.0804228621239399e-05,7.216955605398525e-07,0.935208414066026,0.0,10.0,3.898147146791031e-06,0.0,4.157630083371057e-05,4.5474447980501645e-05,0.0,United Kingdom,GBR,england,,,Windows-10-10.0.26200-SP0,3.11.1,3.2.3,16,AMD Ryzen 7 PRO 5875U with Radeon Graphics,-2.2305,53.4702,14.7952880859375,process,8.421428571428573,0,86.27857142857145,12.762582233973912,N
Water_n_30000_run_1,2026-03-11T13:08:33,Neutron_Transport_Audit,run_1,17.304813500028104,1.2497631559716131e-05,7.22203496830252e-07,0.9352402464290999,0.0,10.0,4.505910254752024e-06,0.0,4.809598444456542e-05,5.260189469931745e-05,0.0,United Kingdom,GBR,england,,,Windows-10-10.0.26200-SP0,3.11.1,3.2.3,16,AMD Ryzen 7 PRO 5875U with Radeon Graphics,-2.2305,53.4702,14.7952880859375,process,5.911764705882353,0,86.18235294117645,12.752540363984949,N
Water_n_30000_run_2,2026-03-11T13:08:50,Neutron_Transport_Audit,run_2,16.86770569998771,1.216947813842829e-05,7.214626484614789e-07,0.9351520692146601,0.0,10.0,4.374063662644366e-06,0.0,4.684665000014422e-05,5.122071366278863e-05,0.0,United Kingdom,GBR,england,,,Windows-10-10.0.26200-SP0,3.11.1,3.2.3,16,AMD Ryzen 7 PRO 5875U with Radeon Graphics,-2.2305,53.4702,14.7952880859375,process,5.41875,0,86.36874999999998,12.77862811088562,N
Water_n_30000_run_3,2026-03-11T13:09:07,Neutron_Transport_Audit,run_3,17.017706600017846,1.2277753587852972e-05,7.214680237973827e-07,0.9351456968162724,0.0,10.0,4.423146737025452e-06,0.0,4.725329277765317e-05,5.1676439514678624e-05,0.0,United Kingdom,GBR,england,,,Windows-10-10.0.26200-SP0,3.11.1,3.2.3,16,AMD Ryzen 7 PRO 5875U with Radeon Graphics,-2.2305,53.4702,14.7952880859375,process,6.6937500000000005,0,86.48125,12.798985481262207,N
Water_n_30000_run_4,2026-03-11T13:09:25,Neutron_Transport_Audit,run_4,17.867483499925584,1.289135670520702e-05,7.214975028974263e-07,0.9351128283492277,0.0,10.0,4.639669338864778e-06,0.0,4.961939444442069e-05,5.425906378328548e-05,0.0,United Kingdom,GBR,england,,,Windows-10-10.0.26200-SP0,3.11.1,3.2.3,16,AMD Ryzen 7 PRO 5875U with Radeon Graphics,-2.2305,53.4702,14.7952880859375,process,7.429411764705882,0,86.62941176470588,12.81521920596852,N
Water_n_30000_run_5,2026-03-11T13:09:44,Neutron_Transport_Audit,run_5,18.15029549994506,1.3083635037359744e-05,7.208481932041574e-07,0.9346252518580033,0.0,10.0,4.645457656484196e-06,0.0,5.0422895833617085e-05,5.506835349010147e-05,0.0,United Kingdom,GBR,england,,,Windows-10-10.0.26200-SP0,3.11.1,3.2.3,16,AMD Ryzen 7 PRO 5875U with Radeon Graphics,-2.2305,53.4702,14.7952880859375,process,6.188888888888888,0,86.90555555555558,12.8584287431505,N
Water_n_35000_run_1,2026-03-11T13:10:04,Neutron_Transport_Audit,run_1,20.035055699991062,1.4454872205580283e-05,7.214782132508082e-07,0.9345184948760885,0.0,10.0,5.18685311291652e-06,0.0,5.565296777769826e-05,6.083982089061485e-05,0.0,United Kingdom,GBR,england,,,Windows-10-10.0.26200-SP0,3.11.1,3.2.3,16,AMD Ryzen 7 PRO 5875U with Radeon Graphics,-2.2305,53.4702,14.7952880859375,process,3.0526315789473686,0,86.73684210526316,12.832823703163548,N
Water_n_35000_run_2,2026-03-11T13:10:26,Neutron_Transport_Audit,run_2,22.33084709988907,1.6094400937139526e-05,7.207238255420039e-07,0.9341904163609335,0.0,10.0,5.734675761221431e-06,0.0,6.200583805524127e-05,6.774051381646263e-05,0.0,United Kingdom,GBR,england,,,Windows-10-10.0.26200-SP0,3.11.1,3.2.3,16,AMD Ryzen 7 PRO 5875U with Radeon Graphics,-2.2305,53.4702,14.7952880859375,process,8.781818181818183,0,87.22272727272728,12.906679326837713,N
Water_n_35000_run_3,2026-03-11T13:10:49,Neutron_Transport_Audit,run_3,23.33744219993241,1.6840283152965005e-05,7.215987762078892e-07,0.9341641670940869,0.0,10.0,6.05473268457037e-06,0.0,6.482516138866124e-05,7.08798940732315e-05,0.0,United Kingdom,GBR,england,,,Windows-10-10.0.26200-SP0,3.11.1,3.2.3,16,AMD Ryzen 7 PRO 5875U with Radeon Graphics,-2.2305,53.4702,14.7952880859375,process,6.047826086956522,0,87.78695652173911,12.985922606095023,N
Water_n_35000_run_4,2026-03-11T13:11:12,Neutron_Transport_Audit,run_4,23.014151999959722,1.6606723020403324e-05,7.21586207570477e-07,0.9340522390882084,0.0,10.0,5.9532147046909316e-06,0.0,6.394363666638835e-05,6.989685137107917e-05,0.0,United Kingdom,GBR,england,,,Windows-10-10.0.26200-SP0,3.11.1,3.2.3,16,AMD Ryzen 7 PRO 5875U with Radeon Graphics,-2.2305,53.4702,14.7952880859375,process,6.577272727272728,0,86.3318181818182,12.774297714233398,N
Water_n_35000_run_5,2026-03-11T13:11:36,Neutron_Transport_Audit,run_5,23.763507399940863,1.7149359152968536e-05,7.216667082839308e-07,0.9340495374256309,0.0,10.0,6.1692275485408565e-06,0.0,6.601155166669447e-05,7.218077921523534e-05,0.0,United Kingdom,GBR,england,,,Windows-10-10.0.26200-SP0,3.11.1,3.2.3,16,AMD Ryzen 7 PRO 5875U with Radeon Graphics,-2.2305,53.4702,14.7952880859375,process,14.882608695652175,0,86.93913043478264,12.86140773607337,N
Water_n_40000_run_1,2026-03-11T13:12:01,Neutron_Transport_Audit,run_1,24.535488800145686,1.770558852038029e-05,7.216307679284604e-07,0.9341001823002169,0.0,10.0,6.381583070189846e-06,0.0,6.814033722233334e-05,7.45219202925231e-05,0.0,United Kingdom,GBR,england,,,Windows-10-10.0.26200-SP0,3.11.1,3.2.3,16,AMD Ryzen 7 PRO 5875U with Radeon Graphics,-2.2305,53.4702,14.7952880859375,process,6.262499999999999,0,87.4875,12.94548257191976,N
Water_n_40000_run_2,2026-03-11T13:12:25,Neutron_Transport_Audit,run_2,24.25638939999044,1.749302180415114e-05,7.211692267147086e-07,0.9339244517067244,0.0,10.0,6.253841143384636e-06,0.0,6.737339666708277e-05,7.362723781046744e-05,0.0,United Kingdom,GBR,england,,,Windows-10-10.0.26200-SP0,3.11.1,3.2.3,16,AMD Ryzen 7 PRO 5875U with Radeon Graphics,-2.2305,53.4702,14.7952880859375,process,6.895833333333335,0,88.25416666666665,13.056753794352213,N
Water_n_40000_run_3,2026-03-11T13:12:50,Neutron_Transport_Audit,run_3,25.33447719994001,1.8287385254315397e-05,7.218375699678375e-07,0.9339746399020169,0.0,10.0,6.590592557318591e-06,0.0,7.038008055597952e-05,7.697067311329816e-05,0.0,United Kingdom,GBR,england,,,Windows-10-10.0.26200-SP0,3.11.1,3.2.3,16,AMD Ryzen 7 PRO 5875U with Radeon Graphics,-2.2305,53.4702,14.7952880859375,process,11.168,0,89.30799999999999,13.213433380126952,N
Water_n_40000_run_4,2026-03-11T13:13:15,Neutron_Transport_Audit,run_4,24.531912500038743,1.7704313964542738e-05,7.21684319232848e-07,0.9340072013985536,0.0,10.0,6.376889363176658e-06,0.0,6.813966638874263e-05,7.451655575191926e-05,0.0,United Kingdom,GBR,england,,,Windows-10-10.0.26200-SP0,3.11.1,3.2.3,16,AMD Ryzen 7 PRO 5875U with Radeon Graphics,-2.2305,53.4702,14.7952880859375,process,7.145833333333333,0,88.69166666666666,13.121895631154379,N
Water_n_40000_run_5,2026-03-11T13:13:40,Neutron_Transport_Audit,run_5,24.557163200108334,1.772326197250568e-05,7.21713744097623e-07,0.934045721582458,0.0,10.0,6.38557500762409e-06,0.0,6.821073194474198e-05,7.459630695236599e-05,0.0,United Kingdom,GBR,england,,,Windows-10-10.0.26200-SP0,3.11.1,3.2.3,16,AMD Ryzen 7 PRO 5875U with Radeon Graphics,-2.2305,53.4702,14.7952880859375,process,8.975,0,88.55000000000001,13.099326769510904,N
Water_n_45000_run_1,2026-03-11T13:14:07,Neutron_Transport_Audit,run_1,27.236350000137463,1.964080041841652e-05,7.211247246492217e-07,0.9338943574529915,0.0,10.0,7.022784439106609e-06,0.0,7.564434416708538e-05,8.266712860619191e-05,0.0,United Kingdom,GBR,england,,,Windows-10-10.0.26200-SP0,3.11.1,3.2.3,16,AMD Ryzen 7 PRO 5875U with Radeon Graphics,-2.2305,53.4702,14.7952880859375,process,8.6,0,89.33461538461536,13.21778180049016,N
Water_n_45000_run_2,2026-03-11T13:14:34,Neutron_Transport_Audit,run_2,27.121051099849865,1.9568983362278623e-05,7.215404513545629e-07,0.9338536874803367,0.0,10.0,7.027882330401801e-06,0.0,7.533697194432739e-05,8.236485427472922e-05,0.0,United Kingdom,GBR,england,,,Windows-10-10.0.26200-SP0,3.11.1,3.2.3,16,AMD Ryzen 7 PRO 5875U with Radeon Graphics,-2.2305,53.4702,14.7952880859375,process,8.37692307692308,0,90.9269230769231,13.454276158259464,N
Water_n_45000_run_3,2026-03-11T13:15:01,Neutron_Transport_Audit,run_3,27.104606499895453,1.9559480988897142e-05,7.216290748505561e-07,0.9338045374359937,0.0,10.0,7.020505935627889e-06,0.0,7.530435333351804e-05,8.232485926914601e-05,0.0,United Kingdom,GBR,england,,,Windows-10-10.0.26200-SP0,3.11.1,3.2.3,16,AMD Ryzen 7 PRO 5875U with Radeon Graphics,-2.2305,53.4702,14.7952880859375,process,5.496153846153845,0,91.91538461538461,13.59847274193397,N
Water_n_45000_run_4,2026-03-11T13:15:29,Neutron_Transport_Audit,run_4,28.16427360009402,2.0317397212852456e-05,7.213896444933911e-07,0.9338297236888109,0.0,10.0,7.31669755306408e-06,0.0,7.819819250014714e-05,8.551489005321133e-05,0.0,United Kingdom,GBR,england,,,Windows-10-10.0.26200-SP0,3.11.1,3.2.3,16,AMD Ryzen 7 PRO 5875U with Radeon Graphics,-2.2305,53.4702,14.7952880859375,process,8.885185185185186,0,92.99999999999997,13.76014879014757,N
Water_n_45000_run_5,2026-03-11T13:15:58,Neutron_Transport_Audit,run_5,28.702747500035912,2.0716204487472578e-05,7.217478858048321e-07,0.933788439336463,0.0,10.0,7.437383448560098e-06,0.0,7.97560661112784e-05,8.719344955983874e-05,0.0,United Kingdom,GBR,england,,,Windows-10-10.0.26200-SP0,3.11.1,3.2.3,16,AMD Ryzen 7 PRO 5875U with Radeon Graphics,-2.2305,53.4702,14.7952880859375,process,7.146428571428571,0,92.43571428571431,13.676910400390625,N
Water_n_50000_run_1,2026-03-11T13:16:26,Neutron_Transport_Audit,run_1,28.002131499815732,2.0207801402334635e-05,7.216519659460313e-07,0.9337928210257371,0.0,10.0,7.269159646816533e-06,0.0,7.778444722191316e-05,8.505360686872961e-05,0.0,United Kingdom,GBR,england,,,Windows-10-10.0.26200-SP0,3.11.1,3.2.3,16,AMD Ryzen 7 PRO 5875U with Radeon Graphics,-2.2305,53.4702,14.7952880859375,process,4.896296296296297,0,92.79259259259256,13.729142648202401,N
Water_n_50000_run_2,2026-03-11T13:16:53,Neutron_Transport_Audit,run_2,26.98346889996901,1.9484537140789372e-05,7.220899531399257e-07,0.9338475626817276,0.0,10.0,7.025287763366461e-06,0.0,7.498413666617116e-05,8.20094244295376e-05,0.0,United Kingdom,GBR,england,,,Windows-10-10.0.26200-SP0,3.11.1,3.2.3,16,AMD Ryzen 7 PRO 5875U with Radeon Graphics,-2.2305,53.4702,14.7952880859375,process,10.853846153846156,0,92.77692307692305,13.727434598482573,N
Water_n_50000_run_3,2026-03-11T13:17:21,Neutron_Transport_Audit,run_3,27.896378600038588,2.013472139668587e-05,7.217659843310425e-07,0.9338735423312662,0.0,10.0,7.250396291520392e-06,0.0,7.749562055558079e-05,8.47460168471011e-05,0.0,United Kingdom,GBR,england,,,Windows-10-10.0.26200-SP0,3.11.1,3.2.3,16,AMD Ryzen 7 PRO 5875U with Radeon Graphics,-2.2305,53.4702,14.7952880859375,process,7.500000000000002,0,92.73703703703701,13.719440460205078,N
Water_n_50000_run_4,2026-03-11T13:17:51,Neutron_Transport_Audit,run_4,30.089677500072867,2.170898778130722e-05,7.214751310078806e-07,0.9338207190444641,0.0,10.0,7.788318322625069e-06,0.0,8.358370555603583e-05,9.137202387866092e-05,0.0,United Kingdom,GBR,england,,,Windows-10-10.0.26200-SP0,3.11.1,3.2.3,16,AMD Ryzen 7 PRO 5875U with Radeon Graphics,-2.2305,53.4702,14.7952880859375,process,9.455172413793104,0,92.82758620689656,13.735018763048895,N
Water_n_50000_run_5,2026-03-11T13:18:20,Neutron_Transport_Audit,run_5,28.968473499873653,2.0919471423225212e-05,7.221446777726258e-07,0.9338580595996362,0.0,10.0,7.537390850331544e-06,0.0,8.051159888919877e-05,8.804898973953021e-05,0.0,United Kingdom,GBR,england,,,Windows-10-10.0.26200-SP0,3.11.1,3.2.3,16,AMD Ryzen 7 PRO 5875U with Radeon Graphics,-2.2305,53.4702,14.7952880859375,process,9.114285714285716,0,90.9,13.449620655604772,N
Lead_n_5000_run_1,2026-03-11T13:18:22,Neutron_Transport_Audit,run_1,1.2906691001262516,9.320138521699915e-07,7.220958289768961e-07,0.934172305567079,0.0,10.0,3.442563338298629e-07,0.0,3.578542500165191e-06,3.922798833995e-06,0.0,United Kingdom,GBR,england,,,Windows-10-10.0.26200-SP0,3.11.1,3.2.3,16,AMD Ryzen 7 PRO 5875U with Radeon Graphics,-2.2305,53.4702,14.7952880859375,process,15.0,0,88.5,13.089710235595703,N
Lead_n_5000_run_2,2026-03-11T13:18:23,Neutron_Transport_Audit,run_2,1.2229931000620127,8.879328004928605e-07,7.260227560283592e-07,0.9344521885917658,0.0,10.0,3.278703216676789e-07,0.0,3.4093936109760685e-06,3.7372639326437203e-06,0.0,United Kingdom,GBR,england,,,Windows-10-10.0.26200-SP0,3.11.1,3.2.3,16,AMD Ryzen 7 PRO 5875U with Radeon Graphics,-2.2305,53.4702,14.7952880859375,process,0.0,0,88.5,13.089630126953125,N
Lead_n_5000_run_3,2026-03-11T13:18:24,Neutron_Transport_Audit,run_3,1.2256427998654544,8.880501977384311e-07,7.245480949840353e-07,0.935184139565151,0.0,10.0,3.354588848329806e-07,0.0,3.4022991668380097e-06,3.7377580516710987e-06,0.0,United Kingdom,GBR,england,,,Windows-10-10.0.26200-SP0,3.11.1,3.2.3,16,AMD Ryzen 7 PRO 5875U with Radeon Graphics,-2.2305,53.4702,14.7952880859375,process,6.8,0,88.5,13.092761993408203,N
Lead_n_5000_run_4,2026-03-11T13:18:25,Neutron_Transport_Audit,run_4,1.1676793000660837,8.431510789767404e-07,7.220139594306559e-07,0.935268149575231,0.0,10.0,3.0853050325845336e-07,0.0,3.240249444368213e-06,3.548779947626802e-06,0.0,United Kingdom,GBR,england,,,Windows-10-10.0.26200-SP0,3.11.1,3.2.3,16,AMD Ryzen 7 PRO 5875U with Radeon Graphics,-2.2305,53.4702,14.7952880859375,process,9.9,0,88.5,13.091217041015625,N
Lead_n_5000_run_5,2026-03-11T13:18:26,Neutron_Transport_Audit,run_5,1.2058896999806166,8.699294863514064e-07,7.21391332078087e-07,0.9354014647939268,0.0,10.0,3.1909084480548204e-07,0.0,3.3423980555702046e-06,3.661488900375768e-06,0.0,United Kingdom,GBR,england,,,Windows-10-10.0.26200-SP0,3.11.1,3.2.3,16,AMD Ryzen 7 PRO 5875U with Radeon Graphics,-2.2305,53.4702,14.7952880859375,process,6.9,0,88.5,13.087226867675781,N
Lead_n_10000_run_1,2026-03-11T13:18:28,Neutron_Transport_Audit,run_1,1.7660153000615537,1.2734187182187207e-06,7.210646585070199e-07,0.9353010056698415,0.0,10.0,4.597950819041133e-07,0.0,4.899959444689111e-06,5.359754526593034e-06,0.0,United Kingdom,GBR,england,,,Windows-10-10.0.26200-SP0,3.11.1,3.2.3,16,AMD Ryzen 7 PRO 5875U with Radeon Graphics,-2.2305,53.4702,14.7952880859375,process,0.0,0,88.5,13.088493347167969,N
Lead_n_10000_run_2,2026-03-11T13:18:30,Neutron_Transport_Audit,run_2,1.8983918998856097,1.3705292127456697e-06,7.219301386360958e-07,0.9352824800817964,0.0,10.0,4.965951521002944e-07,0.0,5.271892499877223e-06,5.768487651977572e-06,0.0,United Kingdom,GBR,england,,,Windows-10-10.0.26200-SP0,3.11.1,3.2.3,16,AMD Ryzen 7 PRO 5875U with Radeon Graphics,-2.2305,53.4702,14.7952880859375,process,13.4,0,88.4,13.08441162109375,N
Lead_n_10000_run_3,2026-03-11T13:18:32,Neutron_Transport_Audit,run_3,1.931036800146103,1.3924321197824642e-06,7.210669845733948e-07,0.9349629129721891,0.0,10.0,4.960236496374818e-07,0.0,5.364652222488147e-06,5.86067587212552e-06,0.0,United Kingdom,GBR,england,,,Windows-10-10.0.26200-SP0,3.11.1,3.2.3,16,AMD Ryzen 7 PRO 5875U with Radeon Graphics,-2.2305,53.4702,14.7952880859375,process,0.0,0,88.4,13.077804565429688,N
Lead_n_10000_run_4,2026-03-11T13:18:34,Neutron_Transport_Audit,run_4,1.8758030000608414,1.3531914090268108e-06,7.213667550284494e-07,0.9348653243655074,0.0,10.0,4.879476080920351e-07,0.0,5.207566111089992e-06,5.6955137191822165e-06,0.0,United Kingdom,GBR,england,,,Windows-10-10.0.26200-SP0,3.11.1,3.2.3,16,AMD Ryzen 7 PRO 5875U with Radeon Graphics,-2.2305,53.4702,14.7952880859375,process,10.3,0,88.4,13.078887939453125,N
Lead_n_10000_run_5,2026-03-11T13:18:36,Neutron_Transport_Audit,run_5,1.8720811000093818,1.3530404619715e-06,7.227249011537391e-07,0.9347894048903004,0.0,10.0,4.88763946350474e-07,0.0,5.2061144443643625e-06,5.694878390714864e-06,0.0,United Kingdom,GBR,england,,,Windows-10-10.0.26200-SP0,3.11.1,3.2.3,16,AMD Ryzen 7 PRO 5875U with Radeon Graphics,-2.2305,53.4702,14.7952880859375,process,10.2,0,88.4,13.08547592163086,N
Lead_n_15000_run_1,2026-03-11T13:18:38,Neutron_Transport_Audit,run_1,2.4526003000792116,1.780823686180189e-06,7.260726650083395e-07,0.9347966733983084,0.0,10.0,6.451856374366477e-07,0.0,6.850210555906563e-06,7.495396193343048e-06,0.0,United Kingdom,GBR,england,,,Windows-10-10.0.26200-SP0,3.11.1,3.2.3,16,AMD Ryzen 7 PRO 5875U with Radeon Graphics,-2.2305,53.4702,14.7952880859375,process,10.85,0,88.4,13.080635070800781,N
Lead_n_15000_run_2,2026-03-11T13:18:41,Neutron_Transport_Audit,run_2,2.4458449999801815,1.7761757439400082e-06,7.261702434855409e-07,0.9347285438731531,0.0,10.0,6.402862971280885e-07,0.0,6.835546944057493e-06,7.475833241185528e-06,0.0,United Kingdom,GBR,england,,,Windows-10-10.0.26200-SP0,3.11.1,3.2.3,16,AMD Ryzen 7 PRO 5875U with Radeon Graphics,-2.2305,53.4702,14.7952880859375,process,8.3,0,88.5,13.087257385253906,N
Lead_n_15000_run_3,2026-03-11T13:18:43,Neutron_Transport_Audit,run_3,2.3603318000677973,1.7105545194276992e-06,7.243518874985686e-07,0.9344034411826496,0.0,10.0,6.067643492787492e-07,0.0,6.592872500186826e-06,7.199636849465792e-06,0.0,United Kingdom,GBR,england,,,Windows-10-10.0.26200-SP0,3.11.1,3.2.3,16,AMD Ryzen 7 PRO 5875U with Radeon Graphics,-2.2305,53.4702,14.7952880859375,process,3.45,0,88.35,13.067258834838867,N
Lead_n_15000_run_4,2026-03-11T13:18:46,Neutron_Transport_Audit,run_4,2.3915027000475675,1.7270115680549777e-06,7.221253105933888e-07,0.9344603023420606,0.0,10.0,6.270620620628246e-07,0.0,6.641841666876324e-06,7.268903728939284e-06,0.0,United Kingdom,GBR,england,,,Windows-10-10.0.26200-SP0,3.11.1,3.2.3,16,AMD Ryzen 7 PRO 5875U with Radeon Graphics,-2.2305,53.4702,14.7952880859375,process,11.0,0,88.3,13.067880630493164,N
Lead_n_15000_run_5,2026-03-11T13:18:48,Neutron_Transport_Audit,run_5,2.420768399955705,1.7497947551640232e-06,7.227973287107075e-07,0.9344560851400946,0.0,10.0,6.331228367583894e-07,0.0,6.731674166318528e-06,7.364797003076972e-06,0.0,United Kingdom,GBR,england,,,Windows-10-10.0.26200-SP0,3.11.1,3.2.3,16,AMD Ryzen 7 PRO 5875U with Radeon Graphics,-2.2305,53.4702,14.7952880859375,process,11.1,0,88.3,13.064794540405273,N
Lead_n_20000_run_1,2026-03-11T13:18:51,Neutron_Transport_Audit,run_1,3.0589554999023676,2.2119440352625155e-06,7.23081848664364e-07,0.9343869850967528,0.0,10.0,7.95935617378679e-07,0.0,8.51402416721797e-06,9.309959784596731e-06,0.0,United Kingdom,GBR,england,,,Windows-10-10.0.26200-SP0,3.11.1,3.2.3,16,AMD Ryzen 7 PRO 5875U with Radeon Graphics,-2.2305,53.4702,14.7952880859375,process,6.966666666666666,0,88.36666666666667,13.074169158935547,N
Lead_n_20000_run_2,2026-03-11T13:18:55,Neutron_Transport_Audit,run_2,3.2179568000137806,2.311905569095255e-06,7.184445292760651e-07,0.9344772103545216,0.0,10.0,8.426761221982438e-07,0.0,8.888016667010085e-06,9.730692789208274e-06,0.0,United Kingdom,GBR,england,,,Windows-10-10.0.26200-SP0,3.11.1,3.2.3,16,AMD Ryzen 7 PRO 5875U with Radeon Graphics,-2.2305,53.4702,14.7952880859375,process,21.400000000000002,0,88.33333333333333,13.067123413085938,N
Lead_n_20000_run_3,2026-03-11T13:18:58,Neutron_Transport_Audit,run_3,3.406296100001782,2.4694797956321046e-06,7.249616102468125e-07,0.9344445945766087,0.0,10.0,8.904741273773871e-07,0.0,9.50344055567669e-06,1.0393914683054159e-05,0.0,United Kingdom,GBR,england,,,Windows-10-10.0.26200-SP0,3.11.1,3.2.3,16,AMD Ryzen 7 PRO 5875U with Radeon Graphics,-2.2305,53.4702,14.7952880859375,process,7.3999999999999995,0,88.5,13.091679890950521,N
Lead_n_20000_run_4,2026-03-11T13:19:01,Neutron_Transport_Audit,run_4,3.144772400148213,2.2737606502957987e-06,7.230291669583529e-07,0.9344860590692945,0.0,10.0,8.240802683172658e-07,0.0,8.746062500480066e-06,9.570142768797196e-06,0.0,United Kingdom,GBR,england,,,Windows-10-10.0.26200-SP0,3.11.1,3.2.3,16,AMD Ryzen 7 PRO 5875U with Radeon Graphics,-2.2305,53.4702,14.7952880859375,process,4.966666666666667,0,88.5,13.096539815266928,N
Lead_n_20000_run_5,2026-03-11T13:19:04,Neutron_Transport_Audit,run_5,3.090240800054744,2.2377016838947845e-06,7.241138345508392e-07,0.9350137452053904,0.0,10.0,8.379996376847818e-07,0.0,8.580372778103744e-06,9.418372415788499e-06,0.0,United Kingdom,GBR,england,,,Windows-10-10.0.26200-SP0,3.11.1,3.2.3,16,AMD Ryzen 7 PRO 5875U with Radeon Graphics,-2.2305,53.4702,14.7952880859375,process,9.299999999999999,0,88.43333333333334,13.085192362467447,N
Lead_n_25000_run_1,2026-03-11T13:19:08,Neutron_Transport_Audit,run_1,3.537015900015831,2.5524315188179235e-06,7.216339823111847e-07,0.9350189931123185,0.0,10.0,9.22887038686199e-07,0.0,9.820167222319119e-06,1.0743054261005101e-05,0.0,United Kingdom,GBR,england,,,Windows-10-10.0.26200-SP0,3.11.1,3.2.3,16,AMD Ryzen 7 PRO 5875U with Radeon Graphics,-2.2305,53.4702,14.7952880859375,process,14.200000000000001,0,88.23333333333333,13.049358367919922,N
Lead_n_25000_run_2,2026-03-11T13:19:12,Neutron_Transport_Audit,run_2,3.485315299825743,2.5235502541048026e-06,7.24031210186259e-07,0.9349624688798325,0.0,10.0,9.088319888554805e-07,0.0,9.71266249996704e-06,1.062149448882244e-05,0.0,United Kingdom,GBR,england,,,Windows-10-10.0.26200-SP0,3.11.1,3.2.3,16,AMD Ryzen 7 PRO 5875U with Radeon Graphics,-2.2305,53.4702,14.7952880859375,process,7.2,0,88.16666666666667,13.045797983805338,N
Lead_n_25000_run_3,2026-03-11T13:19:15,Neutron_Transport_Audit,run_3,3.626125100068748,2.6126532176916697e-06,7.205013219496484e-07,0.9348615906248892,0.0,10.0,9.372596023275444e-07,0.0,1.0059264721995823e-05,1.0996524324323204e-05,0.0,United Kingdom,GBR,england,,,Windows-10-10.0.26200-SP0,3.11.1,3.2.3,16,AMD Ryzen 7 PRO 5875U with Radeon Graphics,-2.2305,53.4702,14.7952880859375,process,12.333333333333334,0,88.23333333333333,13.05541737874349,N
Lead_n_25000_run_4,2026-03-11T13:19:19,Neutron_Transport_Audit,run_4,3.7267012000083923,2.683183062472368e-06,7.199846681906163e-07,0.9348851051206606,0.0,10.0,9.722222376064543e-07,0.0,1.032115861113788e-05,1.1293380848744362e-05,0.0,United Kingdom,GBR,england,,,Windows-10-10.0.26200-SP0,3.11.1,3.2.3,16,AMD Ryzen 7 PRO 5875U with Radeon Graphics,-2.2305,53.4702,14.7952880859375,process,9.633333333333333,0,88.23333333333333,13.058419545491537,N
Lead_n_25000_run_5,2026-03-11T13:19:23,Neutron_Transport_Audit,run_5,3.7673737998120487,2.721950394214733e-06,7.224978309934828e-07,0.9348954746918268,0.0,10.0,9.838300173629195e-07,0.0,1.0472720556168203e-05,1.1456550573531177e-05,0.0,United Kingdom,GBR,england,,,Windows-10-10.0.26200-SP0,3.11.1,3.2.3,16,AMD Ryzen 7 PRO 5875U with Radeon Graphics,-2.2305,53.4702,14.7952880859375,process,4.966666666666667,0,88.33333333333333,13.067933400472006,N
Lead_n_30000_run_1,2026-03-11T13:19:27,Neutron_Transport_Audit,run_1,4.457496700109914,3.2126390195204e-06,7.207189808939898e-07,0.9348982804100071,0.0,10.0,1.1605817835739758e-06,0.0,1.2361252221873825e-05,1.3521834005447882e-05,0.0,United Kingdom,GBR,england,,,Windows-10-10.0.26200-SP0,3.11.1,3.2.3,16,AMD Ryzen 7 PRO 5875U with Radeon Graphics,-2.2305,53.4702,14.7952880859375,process,7.45,0,88.375,13.074052810668945,N
Lead_n_30000_run_2,2026-03-11T13:19:32,Neutron_Transport_Audit,run_2,4.90358699997887,3.5515844747419003e-06,7.242704430461094e-07,0.9348836105334841,0.0,10.0,1.281065940924843e-06,0.0,1.3667372222213748e-05,1.4948438163138456e-05,0.0,United Kingdom,GBR,england,,,Windows-10-10.0.26200-SP0,3.11.1,3.2.3,16,AMD Ryzen 7 PRO 5875U with Radeon Graphics,-2.2305,53.4702,14.7952880859375,process,7.275,0,88.55000000000001,13.10185718536377,N
Lead_n_30000_run_3,2026-03-11T13:19:37,Neutron_Transport_Audit,run_3,4.578185399994254,3.298820043263974e-06,7.205499638854832e-07,0.9348646390636411,0.0,10.0,1.1902633223566297e-06,0.0,1.2694302222613849e-05,1.3884565544970261e-05,0.0,United Kingdom,GBR,england,,,Windows-10-10.0.26200-SP0,3.11.1,3.2.3,16,AMD Ryzen 7 PRO 5875U with Radeon Graphics,-2.2305,53.4702,14.7952880859375,process,10.85,0,88.6,13.111371040344238,N
Lead_n_30000_run_4,2026-03-11T13:19:41,Neutron_Transport_Audit,run_4,4.544689599890262,3.2762028382334876e-06,7.208785333283291e-07,0.9347310648497528,0.0,10.0,1.1706914363316832e-06,0.0,1.2618679444615852e-05,1.3789370880947643e-05,0.0,United Kingdom,GBR,england,,,Windows-10-10.0.26200-SP0,3.11.1,3.2.3,16,AMD Ryzen 7 PRO 5875U with Radeon Graphics,-2.2305,53.4702,14.7952880859375,process,12.999999999999998,0,88.80000000000001,13.134770393371582,N
Lead_n_30000_run_5,2026-03-11T13:19:46,Neutron_Transport_Audit,run_5,4.6720376999583095,3.374656248959361e-06,7.222929675725855e-07,0.9345221293592768,0.0,10.0,1.1984523832200746e-06,0.0,1.3005303888995526e-05,1.4203756272215384e-05,0.0,United Kingdom,GBR,england,,,Windows-10-10.0.26200-SP0,3.11.1,3.2.3,16,AMD Ryzen 7 PRO 5875U with Radeon Graphics,-2.2305,53.4702,14.7952880859375,process,11.1,0,89.375,13.22492790222168,N
Lead_n_35000_run_1,2026-03-11T13:19:51,Neutron_Transport_Audit,run_1,4.799859400140122,3.458634001705322e-06,7.205656836659336e-07,0.9345273582746682,0.0,10.0,1.2492926896487638e-06,0.0,1.3307921666678036e-05,1.4557214356326637e-05,0.0,United Kingdom,GBR,england,,,Windows-10-10.0.26200-SP0,3.11.1,3.2.3,16,AMD Ryzen 7 PRO 5875U with Radeon Graphics,-2.2305,53.4702,14.7952880859375,process,7.25,0,89.57499999999999,13.255234718322754,N
Lead_n_35000_run_2,2026-03-11T13:19:56,Neutron_Transport_Audit,run_2,4.870948099996895,3.5195824560034636e-06,7.225547178753893e-07,0.9345616758886542,0.0,10.0,1.273423574220335e-06,0.0,1.3540319721990456e-05,1.4813743296210845e-05,0.0,United Kingdom,GBR,england,,,Windows-10-10.0.26200-SP0,3.11.1,3.2.3,16,AMD Ryzen 7 PRO 5875U with Radeon Graphics,-2.2305,53.4702,14.7952880859375,process,14.9,0,89.5,13.240438461303711,N
Lead_n_35000_run_3,2026-03-11T13:20:01,Neutron_Transport_Audit,run_3,4.951323200017214,3.5781165890916376e-06,7.226433645015721e-07,0.934584368966832,0.0,10.0,1.2933263144829514e-06,0.0,1.3766784166606774e-05,1.5060110481089888e-05,0.0,United Kingdom,GBR,england,,,Windows-10-10.0.26200-SP0,3.11.1,3.2.3,16,AMD Ryzen 7 PRO 5875U with Radeon Graphics,-2.2305,53.4702,14.7952880859375,process,14.799999999999999,0,89.475,13.235336303710938,N
Lead_n_35000_run_4,2026-03-11T13:20:06,Neutron_Transport_Audit,run_4,5.27925859997049,3.807944494574767e-06,7.212946804453792e-07,0.9345191670717258,0.0,10.0,1.3662952624665897e-06,0.0,1.4661149167093622e-05,1.602744442956005e-05,0.0,United Kingdom,GBR,england,,,Windows-10-10.0.26200-SP0,3.11.1,3.2.3,16,AMD Ryzen 7 PRO 5875U with Radeon Graphics,-2.2305,53.4702,14.7952880859375,process,8.940000000000001,0,89.7,13.270318603515625,N
Lead_n_35000_run_5,2026-03-11T13:20:11,Neutron_Transport_Audit,run_5,4.734144800109789,3.415269733578999e-06,7.214056302539418e-07,0.9345619277283554,0.0,10.0,1.2369783051139477e-06,0.0,1.3137718055319502e-05,1.437469636043345e-05,0.0,United Kingdom,GBR,england,,,Windows-10-10.0.26200-SP0,3.11.1,3.2.3,16,AMD Ryzen 7 PRO 5875U with Radeon Graphics,-2.2305,53.4702,14.7952880859375,process,7.45,0,89.525,13.24901294708252,N
Lead_n_40000_run_1,2026-03-11T13:20:16,Neutron_Transport_Audit,run_1,5.265839699888602,3.808541521522937e-06,7.232500197256765e-07,0.9347802857710406,0.0,10.0,1.3990717301162769e-06,0.0,1.4630885555460844e-05,1.6029957285577066e-05,0.0,United Kingdom,GBR,england,,,Windows-10-10.0.26200-SP0,3.11.1,3.2.3,16,AMD Ryzen 7 PRO 5875U with Radeon Graphics,-2.2305,53.4702,14.7952880859375,process,10.24,0,89.55999999999999,13.252513885498047,N
Lead_n_40000_run_2,2026-03-11T13:20:22,Neutron_Transport_Audit,run_2,5.959410500014201,4.29304051210869e-06,7.203768960449686e-07,0.9345237426408768,0.0,10.0,1.5143391379698087e-06,0.0,1.6554849722241576e-05,1.806918886021122e-05,0.0,United Kingdom,GBR,england,,,Windows-10-10.0.26200-SP0,3.11.1,3.2.3,16,AMD Ryzen 7 PRO 5875U with Radeon Graphics,-2.2305,53.4702,14.7952880859375,process,11.84,0,90.4,13.375275421142579,N
Lead_n_40000_run_3,2026-03-11T13:20:28,Neutron_Transport_Audit,run_3,6.269474299857393,4.5298596119514685e-06,7.225140458999719e-07,0.934593758539351,0.0,10.0,1.6432456124368128e-06,0.0,1.7422702777225314e-05,1.9065948389662343e-05,0.0,United Kingdom,GBR,england,,,Windows-10-10.0.26200-SP0,3.11.1,3.2.3,16,AMD Ryzen 7 PRO 5875U with Radeon Graphics,-2.2305,53.4702,14.7952880859375,process,9.916666666666666,0,89.0,13.166098912556967,N
Lead_n_40000_run_4,2026-03-11T13:20:34,Neutron_Transport_Audit,run_4,5.658578700153157,4.083878026083366e-06,7.21708929515873e-07,0.9345780053915361,0.0,10.0,1.4709693320202476e-06,0.0,1.5717865277676928e-05,1.7188834609697338e-05,0.0,United Kingdom,GBR,england,,,Windows-10-10.0.26200-SP0,3.11.1,3.2.3,16,AMD Ryzen 7 PRO 5875U with Radeon Graphics,-2.2305,53.4702,14.7952880859375,process,2.98,0,87.66,12.968720245361329,N
Lead_n_40000_run_5,2026-03-11T13:20:40,Neutron_Transport_Audit,run_5,5.375571399927139,3.8765672806457315e-06,7.211404749991803e-07,0.9345225529659456,0.0,10.0,1.3915945185730984e-06,0.0,1.4924679722430178e-05,1.631627424100333e-05,0.0,United Kingdom,GBR,england,,,Windows-10-10.0.26200-SP0,3.11.1,3.2.3,16,AMD Ryzen 7 PRO 5875U with Radeon Graphics,-2.2305,53.4702,14.7952880859375,process,25.8,0,87.66,12.96987533569336,N
Lead_n_45000_run_1,2026-03-11T13:20:46,Neutron_Transport_Audit,run_1,6.06896649999544,4.3816827123464245e-06,7.219751031680001e-07,0.9344149196817565,0.0,10.0,1.564630477362877e-06,0.0,1.687764888888034e-05,1.844227936624327e-05,0.0,United Kingdom,GBR,england,,,Windows-10-10.0.26200-SP0,3.11.1,3.2.3,16,AMD Ryzen 7 PRO 5875U with Radeon Graphics,-2.2305,53.4702,14.7952880859375,process,9.9,0,87.66666666666667,12.966737747192383,N
Lead_n_45000_run_2,2026-03-11T13:20:52,Neutron_Transport_Audit,run_2,6.193584099877626,4.464812557788229e-06,7.208750589028298e-07,0.9344848396037725,0.0,10.0,1.6209908740287982e-06,0.0,1.717117777766874e-05,1.8792168651697756e-05,0.0,United Kingdom,GBR,england,,,Windows-10-10.0.26200-SP0,3.11.1,3.2.3,16,AMD Ryzen 7 PRO 5875U with Radeon Graphics,-2.2305,53.4702,14.7952880859375,process,7.016666666666667,0,87.73333333333333,12.978490829467773,N
Lead_n_45000_run_3,2026-03-11T13:20:58,Neutron_Transport_Audit,run_3,6.317342499969527,4.561578633639307e-06,7.220644748111032e-07,0.9344289532813203,0.0,10.0,1.636549913693584e-06,0.0,1.756290222272366e-05,1.9199452136417407e-05,0.0,United Kingdom,GBR,england,,,Windows-10-10.0.26200-SP0,3.11.1,3.2.3,16,AMD Ryzen 7 PRO 5875U with Radeon Graphics,-2.2305,53.4702,14.7952880859375,process,8.3,0,87.44999999999999,12.939754486083984,N
Lead_n_45000_run_4,2026-03-11T13:21:04,Neutron_Transport_Audit,run_4,5.998339199926704,4.329931920209803e-06,7.218507851865023e-07,0.9344404870503423,0.0,10.0,1.5628973617721662e-06,0.0,1.6661565556165114e-05,1.8224462917937334e-05,0.0,United Kingdom,GBR,england,,,Windows-10-10.0.26200-SP0,3.11.1,3.2.3,16,AMD Ryzen 7 PRO 5875U with Radeon Graphics,-2.2305,53.4702,14.7952880859375,process,7.18,0,87.44000000000001,12.938706970214843,N
Lead_n_45000_run_5,2026-03-11T13:21:11,Neutron_Transport_Audit,run_5,6.183100700145587,4.459104295945855e-06,7.211746406474008e-07,0.9343730426046003,0.0,10.0,1.5977598128000172e-06,0.0,1.7170383055539057e-05,1.876814286833929e-05,0.0,United Kingdom,GBR,england,,,Windows-10-10.0.26200-SP0,3.11.1,3.2.3,16,AMD Ryzen 7 PRO 5875U with Radeon Graphics,-2.2305,53.4702,14.7952880859375,process,13.766666666666667,0,87.61666666666667,12.965144475301107,N
Lead_n_50000_run_1,2026-03-11T13:21:17,Neutron_Transport_Audit,run_1,6.906227499945089,4.984770196673561e-06,7.217763769904297e-07,0.9343833961969312,0.0,10.0,1.7984427602435742e-06,0.0,1.918220111078381e-05,2.0980643871027545e-05,0.0,United Kingdom,GBR,england,,,Windows-10-10.0.26200-SP0,3.11.1,3.2.3,16,AMD Ryzen 7 PRO 5875U with Radeon Graphics,-2.2305,53.4702,14.7952880859375,process,10.016666666666667,0,87.60000000000001,12.962401707967123,N
Lead_n_50000_run_2,2026-03-11T13:21:24,Neutron_Transport_Audit,run_2,6.710295599885285,4.843471608703296e-06,7.217945496709568e-07,0.9344058104356351,0.0,10.0,1.7497039221036573e-06,0.0,1.8636221388846318e-05,2.0385925310949758e-05,0.0,United Kingdom,GBR,england,,,Windows-10-10.0.26200-SP0,3.11.1,3.2.3,16,AMD Ryzen 7 PRO 5875U with Radeon Graphics,-2.2305,53.4702,14.7952880859375,process,3.9500000000000006,0,87.73333333333333,12.981377919514975,N
Lead_n_50000_run_3,2026-03-11T13:21:31,Neutron_Transport_Audit,run_3,6.678911600029096,4.812205825242789e-06,7.204964638887848e-07,0.9343402776103726,0.0,10.0,1.7242094987465696e-06,0.0,1.8530119722062234e-05,2.0254329220808966e-05,0.0,United Kingdom,GBR,england,,,Windows-10-10.0.26200-SP0,3.11.1,3.2.3,16,AMD Ryzen 7 PRO 5875U with Radeon Graphics,-2.2305,53.4702,14.7952880859375,process,9.95,0,88.25,13.05787722269694,N
Lead_n_50000_run_4,2026-03-11T13:21:38,Neutron_Transport_Audit,run_4,6.674511399818584,4.8154409181136795e-06,7.214592785655725e-07,0.934363357217092,0.0,10.0,1.7421533395130142e-06,0.0,1.8525792222418448e-05,2.02679455619313e-05,0.0,United Kingdom,GBR,england,,,Windows-10-10.0.26200-SP0,3.11.1,3.2.3,16,AMD Ryzen 7 PRO 5875U with Radeon Graphics,-2.2305,53.4702,14.7952880859375,process,3.766666666666667,0,88.31666666666668,13.066089630126953,N
Lead_n_50000_run_5,2026-03-11T13:21:45,Neutron_Transport_Audit,run_5,6.881174799986184,4.9644322511699585e-06,7.214483065232905e-07,0.9343490697026428,0.0,10.0,1.7871288829118316e-06,0.0,1.9107913611353215e-05,2.0895042494264993e-05,0.0,United Kingdom,GBR,england,,,Windows-10-10.0.26200-SP0,3.11.1,3.2.3,16,AMD Ryzen 7 PRO 5875U with Radeon Graphics,-2.2305,53.4702,14.7952880859375,process,7.45,0,88.44999999999999,13.084880828857422,N
Graphite_n_5000_run_1,2026-03-11T13:21:46,Neutron_Transport_Audit,run_1,1.5801077000796795,1.1389931392430733e-06,7.208172251245449e-07,0.9343760173443785,0.0,10.0,4.148716116488633e-07,0.0,4.379092499665581e-06,4.793964111314553e-06,0.0,United Kingdom,GBR,england,,,Windows-10-10.0.26200-SP0,3.11.1,3.2.3,16,AMD Ryzen 7 PRO 5875U with Radeon Graphics,-2.2305,53.4702,14.7952880859375,process,0.0,0,88.3,13.062812805175781,N
Graphite_n_5000_run_2,2026-03-11T13:21:48,Neutron_Transport_Audit,run_2,1.575898400042206,1.1346968608939335e-06,7.200227808528649e-07,0.9343954676233633,0.0,10.0,4.1290935032017775e-07,0.0,4.362971944242913e-06,4.775881294563199e-06,0.0,United Kingdom,GBR,england,,,Windows-10-10.0.26200-SP0,3.11.1,3.2.3,16,AMD Ryzen 7 PRO 5875U with Radeon Graphics,-2.2305,53.4702,14.7952880859375,process,14.9,0,88.3,13.062122344970703,N
Graphite_n_5000_run_3,2026-03-11T13:21:49,Neutron_Transport_Audit,run_3,1.6497042998671532,1.2006069342716417e-06,7.277357452866649e-07,0.934359398102004,0.0,10.0,4.342978805878207e-07,0.0,4.618995555857441e-06,5.05329343644537e-06,0.0,United Kingdom,GBR,england,,,Windows-10-10.0.26200-SP0,3.11.1,3.2.3,16,AMD Ryzen 7 PRO 5875U with Radeon Graphics,-2.2305,53.4702,14.7952880859375,process,14.8,0,88.3,13.063274383544922,N
Graphite_n_5000_run_4,2026-03-11T13:21:51,Neutron_Transport_Audit,run_4,1.6500104998704046,1.193076004593163e-06,7.230549377317231e-07,0.9343670464677394,0.0,10.0,4.331953038185692e-07,0.0,4.5884008331793964e-06,5.021596136997857e-06,0.0,United Kingdom,GBR,england,,,Windows-10-10.0.26200-SP0,3.11.1,3.2.3,16,AMD Ryzen 7 PRO 5875U with Radeon Graphics,-2.2305,53.4702,14.7952880859375,process,16.2,0,88.3,13.05910873413086,N
Graphite_n_5000_run_5,2026-03-11T13:21:53,Neutron_Transport_Audit,run_5,1.5556437999475747,1.1222345592374781e-06,7.213533354524537e-07,0.934245193448612,0.0,10.0,4.0223449063598845e-07,0.0,4.321193610990794e-06,4.723428101626945e-06,0.0,United Kingdom,GBR,england,,,Windows-10-10.0.26200-SP0,3.11.1,3.2.3,16,AMD Ryzen 7 PRO 5875U with Radeon Graphics,-2.2305,53.4702,14.7952880859375,process,8.0,0,88.2,13.051311492919922,N
Graphite_n_10000_run_1,2026-03-11T13:21:55,Neutron_Transport_Audit,run_1,2.351790400221944,1.6952410088531909e-06,7.208204095317521e-07,0.9342339567898413,0.0,10.0,6.132161186531951e-07,0.0,6.521966944759289e-06,7.1351830634126465e-06,0.0,United Kingdom,GBR,england,,,Windows-10-10.0.26200-SP0,3.11.1,3.2.3,16,AMD Ryzen 7 PRO 5875U with Radeon Graphics,-2.2305,53.4702,14.7952880859375,process,7.5,0,88.25,13.05880355834961,N
Graphite_n_10000_run_2,2026-03-11T13:21:58,Neutron_Transport_Audit,run_2,2.367518899962306,1.7126251302178406e-06,7.233529507209644e-07,0.934171616092667,0.0,10.0,6.157655559823564e-07,0.0,6.5925863888373695e-06,7.208351944819943e-06,0.0,United Kingdom,GBR,england,,,Windows-10-10.0.26200-SP0,3.11.1,3.2.3,16,AMD Ryzen 7 PRO 5875U with Radeon Graphics,-2.2305,53.4702,14.7952880859375,process,7.15,0,88.15,13.043445587158203,N
Graphite_n_10000_run_3,2026-03-11T13:22:00,Neutron_Transport_Audit,run_3,2.4454230000264943,1.7672610114328026e-06,7.226527126587351e-07,0.9341930926814828,0.0,10.0,6.409160307322727e-07,0.0,6.79739555537991e-06,7.438311586112183e-06,0.0,United Kingdom,GBR,england,,,Windows-10-10.0.26200-SP0,3.11.1,3.2.3,16,AMD Ryzen 7 PRO 5875U with Radeon Graphics,-2.2305,53.4702,14.7952880859375,process,10.95,0,88.85,13.148931503295898,N
Graphite_n_10000_run_4,2026-03-11T13:22:02,Neutron_Transport_Audit,run_4,2.43269049981609,1.753413488246201e-06,7.207666754834559e-07,0.934120739447368,0.0,10.0,6.295047330521575e-07,0.0,6.75052333325675e-06,7.380028066308799e-06,0.0,United Kingdom,GBR,england,,,Windows-10-10.0.26200-SP0,3.11.1,3.2.3,16,AMD Ryzen 7 PRO 5875U with Radeon Graphics,-2.2305,53.4702,14.7952880859375,process,3.95,0,88.80000000000001,13.136024475097656,N
Graphite_n_10000_run_5,2026-03-11T13:22:05,Neutron_Transport_Audit,run_5,2.379648400004953,1.7130647639331236e-06,7.19873775959519e-07,0.9340815480444086,0.0,10.0,6.173765069242818e-07,0.0,6.592825833811634e-06,7.210202340735862e-06,0.0,United Kingdom,GBR,england,,,Windows-10-10.0.26200-SP0,3.11.1,3.2.3,16,AMD Ryzen 7 PRO 5875U with Radeon Graphics,-2.2305,53.4702,14.7952880859375,process,7.15,0,88.9,13.151287078857422,N
Graphite_n_15000_run_1,2026-03-11T13:22:08,Neutron_Transport_Audit,run_1,3.076999600045383,2.230072224572552e-06,7.247050934267325e-07,0.9340454177223704,0.0,10.0,8.025617988735318e-07,0.0,8.583698611214826e-06,9.386260410088575e-06,0.0,United Kingdom,GBR,england,,,Windows-10-10.0.26200-SP0,3.11.1,3.2.3,16,AMD Ryzen 7 PRO 5875U with Radeon Graphics,-2.2305,53.4702,14.7952880859375,process,12.166666666666666,0,88.86666666666667,13.149515787760416,N
Graphite_n_15000_run_2,2026-03-11T13:22:11,Neutron_Transport_Audit,run_2,3.1131437001749873,2.2473601683857102e-06,7.218871288434813e-07,0.9340609744835296,0.0,10.0,8.132069847480877e-07,0.0,8.645817500332019e-06,9.459024485080052e-06,0.0,United Kingdom,GBR,england,,,Windows-10-10.0.26200-SP0,3.11.1,3.2.3,16,AMD Ryzen 7 PRO 5875U with Radeon Graphics,-2.2305,53.4702,14.7952880859375,process,5.2,0,88.90000000000002,13.151542663574219,N
Graphite_n_15000_run_3,2026-03-11T13:22:14,Neutron_Transport_Audit,run_3,3.083293200004846,2.2288694577572623e-06,7.228776202920539e-07,0.9342038537246067,0.0,10.0,8.17899414722891e-07,0.0,8.563298611099883e-06,9.381198025822882e-06,0.0,United Kingdom,GBR,england,,,Windows-10-10.0.26200-SP0,3.11.1,3.2.3,16,AMD Ryzen 7 PRO 5875U with Radeon Graphics,-2.2305,53.4702,14.7952880859375,process,2.6333333333333333,0,88.83333333333333,13.143486022949219,N
Graphite_n_15000_run_4,2026-03-11T13:22:17,Neutron_Transport_Audit,run_4,3.137103599961847,2.26744688784804e-06,7.227747985091794e-07,0.9343339911199086,0.0,10.0,8.311576311905095e-07,0.0,8.712410833040026e-06,9.543568464230427e-06,0.0,United Kingdom,GBR,england,,,Windows-10-10.0.26200-SP0,3.11.1,3.2.3,16,AMD Ryzen 7 PRO 5875U with Radeon Graphics,-2.2305,53.4702,14.7952880859375,process,7.633333333333333,0,88.8,13.138571421305338,N
Graphite_n_15000_run_5,2026-03-11T13:22:21,Neutron_Transport_Audit,run_5,3.169162199832499,2.264901368845642e-06,7.146697316041337e-07,0.9344613522713132,0.0,10.0,8.347106154619403e-07,0.0,8.69814388893735e-06,9.532854504399127e-06,0.0,United Kingdom,GBR,england,,,Windows-10-10.0.26200-SP0,3.11.1,3.2.3,16,AMD Ryzen 7 PRO 5875U with Radeon Graphics,-2.2305,53.4702,14.7952880859375,process,12.666666666666666,0,88.76666666666667,13.135659535725912,N
Graphite_n_20000_run_1,2026-03-11T13:22:25,Neutron_Transport_Audit,run_1,3.9531351001933217,2.8648282363907037e-06,7.246869838281177e-07,0.9344802562385566,0.0,10.0,1.03634835649859e-06,0.0,1.1021567777626945e-05,1.2057916134125372e-05,0.0,United Kingdom,GBR,england,,,Windows-10-10.0.26200-SP0,3.11.1,3.2.3,16,AMD Ryzen 7 PRO 5875U with Radeon Graphics,-2.2305,53.4702,14.7952880859375,process,6.166666666666667,0,89.03333333333335,13.173688252766928,N
Graphite_n_20000_run_2,2026-03-11T13:22:29,Neutron_Transport_Audit,run_2,3.8300131999421865,2.763644003659022e-06,7.215701937539173e-07,0.9345039213067892,0.0,10.0,1.0006801856893722e-06,0.0,1.0631356666433896e-05,1.1632036852123051e-05,0.0,United Kingdom,GBR,england,,,Windows-10-10.0.26200-SP0,3.11.1,3.2.3,16,AMD Ryzen 7 PRO 5875U with Radeon Graphics,-2.2305,53.4702,14.7952880859375,process,10.6,0,89.03333333333335,13.17306137084961,N
Graphite_n_20000_run_3,2026-03-11T13:22:32,Neutron_Transport_Audit,run_3,3.854651999892667,2.781707061772507e-06,7.216439081964524e-07,0.9345453511958409,0.0,10.0,1.009625843783322e-06,0.0,1.0698437499942915e-05,1.1708063343726129e-05,0.0,United Kingdom,GBR,england,,,Windows-10-10.0.26200-SP0,3.11.1,3.2.3,16,AMD Ryzen 7 PRO 5875U with Radeon Graphics,-2.2305,53.4702,14.7952880859375,process,9.466666666666667,0,88.96666666666665,13.161917368570963,N
Graphite_n_20000_run_4,2026-03-11T13:22:37,Neutron_Transport_Audit,run_4,4.1429695000406355,3.000792292109705e-06,7.242940232365824e-07,0.9344794226496004,0.0,10.0,1.0750841417185076e-06,0.0,1.1555097777939723e-05,1.2630181919658177e-05,0.0,United Kingdom,GBR,england,,,Windows-10-10.0.26200-SP0,3.11.1,3.2.3,16,AMD Ryzen 7 PRO 5875U with Radeon Graphics,-2.2305,53.4702,14.7952880859375,process,5.325,0,89.52499999999999,13.245513916015625,N
Graphite_n_20000_run_5,2026-03-11T13:22:41,Neutron_Transport_Audit,run_5,3.931355800013989,2.8382128171541062e-06,7.219348379722243e-07,0.9345189848999844,0.0,10.0,1.0295409679148253e-06,0.0,1.0916352222233722e-05,1.194589319014833e-05,0.0,United Kingdom,GBR,england,,,Windows-10-10.0.26200-SP0,3.11.1,3.2.3,16,AMD Ryzen 7 PRO 5875U with Radeon Graphics,-2.2305,53.4702,14.7952880859375,process,14.433333333333332,0,90.53333333333335,13.392810821533203,N
Graphite_n_25000_run_1,2026-03-11T13:22:45,Neutron_Transport_Audit,run_1,4.558972199913114,3.292027215968203e-06,7.220910425799814e-07,0.9344960059116479,0.0,10.0,1.1847668251681364e-06,0.0,1.2671208055689987e-05,1.3855974880858015e-05,0.0,United Kingdom,GBR,england,,,Windows-10-10.0.26200-SP0,3.11.1,3.2.3,16,AMD Ryzen 7 PRO 5875U with Radeon Graphics,-2.2305,53.4702,14.7952880859375,process,14.025,0,89.14999999999999,13.190376281738281,N
Graphite_n_25000_run_2,2026-03-11T13:22:50,Neutron_Transport_Audit,run_2,4.580799600109458,3.311813840260573e-06,7.229643747255526e-07,0.9344952887625583,0.0,10.0,1.195131330158992e-06,0.0,1.2744124444563892e-05,1.3939255774722721e-05,0.0,United Kingdom,GBR,england,,,Windows-10-10.0.26200-SP0,3.11.1,3.2.3,16,AMD Ryzen 7 PRO 5875U with Radeon Graphics,-2.2305,53.4702,14.7952880859375,process,7.325000000000001,0,89.05000000000001,13.1748046875,N
Graphite_n_25000_run_3,2026-03-11T13:22:55,Neutron_Transport_Audit,run_3,4.765200400026515,3.439268128023194e-06,7.217405269853418e-07,0.934457187781169,0.0,10.0,1.2351996576189807e-06,0.0,1.3240504722731791e-05,1.4475704380350826e-05,0.0,United Kingdom,GBR,england,,,Windows-10-10.0.26200-SP0,3.11.1,3.2.3,16,AMD Ryzen 7 PRO 5875U with Radeon Graphics,-2.2305,53.4702,14.7952880859375,process,11.975,0,88.825,13.143865585327148,N
Graphite_n_25000_run_4,2026-03-11T13:22:59,Neutron_Transport_Audit,run_4,4.683934400090948,3.381116095528048e-06,7.218416015899519e-07,0.9344871876421281,0.0,10.0,1.2243973822957167e-06,0.0,1.3006548055111145e-05,1.4230945437406807e-05,0.0,United Kingdom,GBR,england,,,Windows-10-10.0.26200-SP0,3.11.1,3.2.3,16,AMD Ryzen 7 PRO 5875U with Radeon Graphics,-2.2305,53.4702,14.7952880859375,process,11.125,0,88.94999999999999,13.160120964050293,N
Graphite_n_25000_run_5,2026-03-11T13:23:04,Neutron_Transport_Audit,run_5,4.567528699990362,3.296285072583883e-06,7.216715270814314e-07,0.9345197892480354,0.0,10.0,1.1945929266024991e-06,0.0,1.2679303055887926e-05,1.3873895982490208e-05,0.0,United Kingdom,GBR,england,,,Windows-10-10.0.26200-SP0,3.11.1,3.2.3,16,AMD Ryzen 7 PRO 5875U with Radeon Graphics,-2.2305,53.4702,14.7952880859375,process,10.85,0,88.7,13.123801231384277,N
Graphite_n_30000_run_1,2026-03-11T13:23:10,Neutron_Transport_Audit,run_1,5.9912894000299275,4.3222582222480176e-06,7.214215659194787e-07,0.9345141725667031,0.0,10.0,1.558256380515587e-06,0.0,1.6633908333541468e-05,1.8192164714056838e-05,0.0,United Kingdom,GBR,england,,,Windows-10-10.0.26200-SP0,3.11.1,3.2.3,16,AMD Ryzen 7 PRO 5875U with Radeon Graphics,-2.2305,53.4702,14.7952880859375,process,6.859999999999999,0,87.85999999999999,12.999903869628906,N
Graphite_n_30000_run_2,2026-03-11T13:23:15,Neutron_Transport_Audit,run_2,5.219081499846652,3.763282795686226e-06,7.21062872136949e-07,0.934517738197855,0.0,10.0,1.3591089472553904e-06,0.0,1.4480356666414593e-05,1.5839465613670146e-05,0.0,United Kingdom,GBR,england,,,Windows-10-10.0.26200-SP0,3.11.1,3.2.3,16,AMD Ryzen 7 PRO 5875U with Radeon Graphics,-2.2305,53.4702,14.7952880859375,process,5.06,0,85.47999999999999,12.645215606689453,N
Graphite_n_30000_run_3,2026-03-11T13:23:21,Neutron_Transport_Audit,run_3,5.2608258000109345,3.805653364478143e-06,7.233920476251332e-07,0.9345870839549794,0.0,10.0,1.3847470130839848e-06,0.0,1.463305416659266e-05,1.6017801179676536e-05,0.0,United Kingdom,GBR,england,,,Windows-10-10.0.26200-SP0,3.11.1,3.2.3,16,AMD Ryzen 7 PRO 5875U with Radeon Graphics,-2.2305,53.4702,14.7952880859375,process,6.58,0,85.47999999999999,12.646208953857421,N
Graphite_n_30000_run_4,2026-03-11T13:23:26,Neutron_Transport_Audit,run_4,5.117182599846274,3.703301119739686e-06,7.236993738287398e-07,0.9349097814892695,0.0,10.0,1.3901935721998123e-06,0.0,1.4196812222427076e-05,1.5587005794626997e-05,0.0,United Kingdom,GBR,england,,,Windows-10-10.0.26200-SP0,3.11.1,3.2.3,16,AMD Ryzen 7 PRO 5875U with Radeon Graphics,-2.2305,53.4702,14.7952880859375,process,9.14,0,85.72,12.678670501708984,N
Graphite_n_30000_run_5,2026-03-11T13:23:31,Neutron_Transport_Audit,run_5,5.085222099907696,3.6800581837694805e-06,7.236647865809164e-07,0.934941865648655,0.0,10.0,1.3334877389444564e-06,0.0,1.415568972200484e-05,1.548917746094919e-05,0.0,United Kingdom,GBR,england,,,Windows-10-10.0.26200-SP0,3.11.1,3.2.3,16,AMD Ryzen 7 PRO 5875U with Radeon Graphics,-2.2305,53.4702,14.7952880859375,process,5.779999999999999,0,85.72,12.682845306396484,N
Graphite_n_35000_run_1,2026-03-11T13:23:37,Neutron_Transport_Audit,run_1,5.993740600068122,4.329122712778272e-06,7.222673367564093e-07,0.9349244327168414,0.0,10.0,1.5581992278409585e-06,0.0,1.6662857777232244e-05,1.8221057005073094e-05,0.0,United Kingdom,GBR,england,,,Windows-10-10.0.26200-SP0,3.11.1,3.2.3,16,AMD Ryzen 7 PRO 5875U with Radeon Graphics,-2.2305,53.4702,14.7952880859375,process,8.940000000000001,0,85.7,12.681449127197265,N
Graphite_n_35000_run_2,2026-03-11T13:23:43,Neutron_Transport_Audit,run_2,5.97978109982796,4.318099095628088e-06,7.221118976688758e-07,0.9349684854915798,0.0,10.0,1.5665549952701644e-06,0.0,1.660810416667831e-05,1.8174659161948256e-05,0.0,United Kingdom,GBR,england,,,Windows-10-10.0.26200-SP0,3.11.1,3.2.3,16,AMD Ryzen 7 PRO 5875U with Radeon Graphics,-2.2305,53.4702,14.7952880859375,process,9.940000000000001,0,85.78,12.694507598876953,N
Graphite_n_35000_run_3,2026-03-11T13:23:49,Neutron_Transport_Audit,run_3,6.007257200079039,4.327943509632661e-06,7.204516674503943e-07,0.9349278238514639,0.0,10.0,1.5538743548804395e-06,0.0,1.666221944421212e-05,1.8216093799092777e-05,0.0,United Kingdom,GBR,england,,,Windows-10-10.0.26200-SP0,3.11.1,3.2.3,16,AMD Ryzen 7 PRO 5875U with Radeon Graphics,-2.2305,53.4702,14.7952880859375,process,7.5,0,85.82000000000001,12.70040283203125,N
Graphite_n_35000_run_4,2026-03-11T13:23:55,Neutron_Transport_Audit,run_4,5.988747199997306,4.326522804348992e-06,7.224311811650014e-07,0.9349397769946955,0.0,10.0,1.5630996787118433e-06,0.0,1.6647014444202187e-05,1.8210114122914085e-05,0.0,United Kingdom,GBR,england,,,Windows-10-10.0.26200-SP0,3.11.1,3.2.3,16,AMD Ryzen 7 PRO 5875U with Radeon Graphics,-2.2305,53.4702,14.7952880859375,process,6.779999999999999,0,85.76,12.691874694824218,N
Graphite_n_35000_run_5,2026-03-11T13:24:01,Neutron_Transport_Audit,run_5,5.784024300053716,4.179299710708063e-06,7.225493611263798e-07,0.9349491577412714,0.0,10.0,1.5096721204206414e-06,0.0,1.608078749979749e-05,1.759045962021824e-05,0.0,United Kingdom,GBR,england,,,Windows-10-10.0.26200-SP0,3.11.1,3.2.3,16,AMD Ryzen 7 PRO 5875U with Radeon Graphics,-2.2305,53.4702,14.7952880859375,process,10.34,0,85.67999999999999,12.67767333984375,N
Graphite_n_40000_run_1,2026-03-11T13:24:07,Neutron_Transport_Audit,run_1,6.46038300008513,4.670326742476521e-06,7.22909039778213e-07,0.9349576444750217,0.0,10.0,1.6863962760758477e-06,0.0,1.7970771111625473e-05,1.9657167387701104e-05,0.0,United Kingdom,GBR,england,,,Windows-10-10.0.26200-SP0,3.11.1,3.2.3,16,AMD Ryzen 7 PRO 5875U with Radeon Graphics,-2.2305,53.4702,14.7952880859375,process,14.383333333333333,0,85.64999999999999,12.670271555582682,N
Graphite_n_40000_run_2,2026-03-11T13:24:14,Neutron_Transport_Audit,run_2,6.435173199977726,4.64413989475403e-06,7.216776876734939e-07,0.934959706141147,0.0,10.0,1.6756613349382284e-06,0.0,1.7871286944460413e-05,1.954694827939864e-05,0.0,United Kingdom,GBR,england,,,Windows-10-10.0.26200-SP0,3.11.1,3.2.3,16,AMD Ryzen 7 PRO 5875U with Radeon Graphics,-2.2305,53.4702,14.7952880859375,process,5.6000000000000005,0,85.75,12.683916091918945,N
Graphite_n_40000_run_3,2026-03-11T13:24:20,Neutron_Transport_Audit,run_3,6.488634099951014,4.684787639583354e-06,7.219951196275788e-07,0.9349684880618193,0.0,10.0,1.6916031225943555e-06,0.0,1.8026429444499906e-05,1.9718032567094153e-05,0.0,United Kingdom,GBR,england,,,Windows-10-10.0.26200-SP0,3.11.1,3.2.3,16,AMD Ryzen 7 PRO 5875U with Radeon Graphics,-2.2305,53.4702,14.7952880859375,process,10.233333333333333,0,85.66666666666667,12.676382700602213,N
Graphite_n_40000_run_4,2026-03-11T13:24:27,Neutron_Transport_Audit,run_4,6.6158426001202315,4.772506297145811e-06,7.213669900993063e-07,0.934934515371068,0.0,10.0,1.7135092623981772e-06,0.0,1.8373726666646474e-05,2.008723592904476e-05,0.0,United Kingdom,GBR,england,,,Windows-10-10.0.26200-SP0,3.11.1,3.2.3,16,AMD Ryzen 7 PRO 5875U with Radeon Graphics,-2.2305,53.4702,14.7952880859375,process,26.016666666666666,0,85.81666666666666,12.698306401570639,N
Graphite_n_40000_run_5,2026-03-11T13:24:34,Neutron_Transport_Audit,run_5,6.655751100042835,4.804544121066634e-06,7.218660885366952e-07,0.9349344683602551,0.0,10.0,1.7326101091546067e-06,0.0,1.8489471389006827e-05,2.022208149816138e-05,0.0,United Kingdom,GBR,england,,,Windows-10-10.0.26200-SP0,3.11.1,3.2.3,16,AMD Ryzen 7 PRO 5875U with Radeon Graphics,-2.2305,53.4702,14.7952880859375,process,9.383333333333335,0,85.81666666666666,12.697985331217447,N
Graphite_n_45000_run_1,2026-03-11T13:24:41,Neutron_Transport_Audit,run_1,7.760696400189772,5.602698028703257e-06,7.219285575104756e-07,0.9349326893540657,0.0,10.0,2.0195692543836167e-06,0.0,2.1561901389052177e-05,2.358147064343563e-05,0.0,United Kingdom,GBR,england,,,Windows-10-10.0.26200-SP0,3.11.1,3.2.3,16,AMD Ryzen 7 PRO 5875U with Radeon Graphics,-2.2305,53.4702,14.7952880859375,process,2.1285714285714286,0,85.89999999999999,12.709006718226842,N
Graphite_n_45000_run_2,2026-03-11T13:24:49,Neutron_Transport_Audit,run_2,7.231673300033435,5.213904246162654e-06,7.209822173627622e-07,0.9349111239827577,0.0,10.0,1.8746160256580182e-06,0.0,2.0070441389301048e-05,2.194505741495885e-05,0.0,United Kingdom,GBR,england,,,Windows-10-10.0.26200-SP0,3.11.1,3.2.3,16,AMD Ryzen 7 PRO 5875U with Radeon Graphics,-2.2305,53.4702,14.7952880859375,process,10.200000000000001,0,85.7857142857143,12.694480351039342,N
Graphite_n_45000_run_3,2026-03-11T13:24:57,Neutron_Transport_Audit,run_3,8.501592800021172,6.130216923144619e-06,7.210649885942216e-07,0.9349004746896852,0.0,10.0,2.2066758020056502e-06,0.0,2.3595095000281466e-05,2.5801770802287224e-05,0.0,United Kingdom,GBR,england,,,Windows-10-10.0.26200-SP0,3.11.1,3.2.3,16,AMD Ryzen 7 PRO 5875U with Radeon Graphics,-2.2305,53.4702,14.7952880859375,process,12.775,0,86.1125,12.741814136505127,N
Graphite_n_45000_run_4,2026-03-11T13:25:05,Neutron_Transport_Audit,run_4,7.667526499833912,5.541205928794816e-06,7.226741953789183e-07,0.9348910519156064,0.0,10.0,1.995002137769044e-06,0.0,2.132765138909828e-05,2.332265352686727e-05,0.0,United Kingdom,GBR,england,,,Windows-10-10.0.26200-SP0,3.11.1,3.2.3,16,AMD Ryzen 7 PRO 5875U with Radeon Graphics,-2.2305,53.4702,14.7952880859375,process,9.542857142857143,0,86.32857142857142,12.775732857840401,N
Graphite_n_45000_run_5,2026-03-11T13:25:12,Neutron_Transport_Audit,run_5,7.510046000126749,5.416884639207866e-06,7.212846195755389e-07,0.9349133169853313,0.0,10.0,1.9595387727219652e-06,0.0,2.0839852778266766e-05,2.2799391550988677e-05,0.0,United Kingdom,GBR,england,,,Windows-10-10.0.26200-SP0,3.11.1,3.2.3,16,AMD Ryzen 7 PRO 5875U with Radeon Graphics,-2.2305,53.4702,14.7952880859375,process,9.071428571428571,0,86.38571428571429,12.783321380615234,N
Graphite_n_50000_run_1,2026-03-11T13:25:22,Neutron_Transport_Audit,run_1,9.5540190001484,6.8856954395499e-06,7.207114060146081e-07,0.9348856870958946,0.0,10.0,2.4730166771945797e-06,0.0,2.650852472223849e-05,2.898154139943307e-05,0.0,United Kingdom,GBR,england,,,Windows-10-10.0.26200-SP0,3.11.1,3.2.3,16,AMD Ryzen 7 PRO 5875U with Radeon Graphics,-2.2305,53.4702,14.7952880859375,process,9.600000000000001,0,86.83333333333333,12.848075442843967,N
Graphite_n_50000_run_2,2026-03-11T13:25:31,Neutron_Transport_Audit,run_2,8.797865899978206,6.349870049819953e-06,7.217491321650482e-07,0.9348564074233069,0.0,10.0,2.2792815689326082e-06,0.0,2.4446998056050148e-05,2.6726279624982377e-05,0.0,United Kingdom,GBR,england,,,Windows-10-10.0.26200-SP0,3.11.1,3.2.3,16,AMD Ryzen 7 PRO 5875U with Radeon Graphics,-2.2305,53.4702,14.7952880859375,process,3.9125,0,87.6375,12.96652603149414,N
Graphite_n_50000_run_3,2026-03-11T13:25:39,Neutron_Transport_Audit,run_3,8.381350500043482,6.045619282901964e-06,7.213155489412448e-07,0.9348538032511624,0.0,10.0,2.17892030989099e-06,0.0,2.3266783333383487e-05,2.544570364327453e-05,0.0,United Kingdom,GBR,england,,,Windows-10-10.0.26200-SP0,3.11.1,3.2.3,16,AMD Ryzen 7 PRO 5875U with Radeon Graphics,-2.2305,53.4702,14.7952880859375,process,12.512500000000001,0,87.7375,12.977421283721924,N
Graphite_n_50000_run_4,2026-03-11T13:25:48,Neutron_Transport_Audit,run_4,8.314614800037816,5.995943660998151e-06,7.211297959855472e-07,0.9348090274922465,0.0,10.0,2.147238147147542e-06,0.0,2.3089383333636977e-05,2.52366214807849e-05,0.0,United Kingdom,GBR,england,,,Windows-10-10.0.26200-SP0,3.11.1,3.2.3,16,AMD Ryzen 7 PRO 5875U with Radeon Graphics,-2.2305,53.4702,14.7952880859375,process,9.1375,0,87.55,12.953132629394531,N
Graphite_n_50000_run_5,2026-03-11T13:25:56,Neutron_Transport_Audit,run_5,8.421177300158888,6.083742516598814e-06,7.22424755378566e-07,0.9348064072237446,0.0,10.0,2.192025725569497e-06,0.0,2.3414136666623578e-05,2.560616239219351e-05,0.0,United Kingdom,GBR,england,,,Windows-10-10.0.26200-SP0,3.11.1,3.2.3,16,AMD Ryzen 7 PRO 5875U with Radeon Graphics,-2.2305,53.4702,14.7952880859375,process,6.3875,0,87.3875,12.929705619812012,N
